{
  "cons_range": [
    [0.0, 1.0],
    [0.0, 3.0],
    [20.051916073376123, 119.84553112721537]
  ],
  "default_rule": [1.0, 2.0, 1.0],
  "linguistic_variables": {
    "0": [13.796806451612902, 14.478387096774192, 16.523129032258062, 25.38367741935484],
    "1": [25.925806451612903, 29.741290322580646, 32.60290322580645, 34.51064516129033],
    "14": [0.004559806451612903, 0.014998096774193549, 0.02164064516129032, 0.030181064516129036],
    "24": [0.08582451612903226, 0.09070935483870968, 0.12978806451612904, 0.13955774193548387],
    "25": [0.11491032258064515, 0.17332387096774193, 0.20253064516129032, 0.9327],
    "27": [0.046935483870967735, 0.11264516129032257, 0.13141935483870967, 0.291],
    "5": [0.0338258064516129, 0.0649832258064516, 0.18961290322580643, 0.24154193548387093],
    "7": [0.006490322580645161, 0.10384516129032258, 0.1168258064516129, 0.162258064516129]
  },
  "n_classes_per_cons": [2, 4, 0],
  "n_labels": 4,
  "n_labels_per_cons": [2, 4, 3],
  "rules": [
    [
      [
        ["5", 1],
        ["14", 0]
      ],
      [0.0, 1.0, 1.0]
    ],
    [
      [
        ["24", 0]
      ],
      [1.0, 1.0, 2.0]
    ],
    [
      [
        ["27", 1],
        ["25", 3]
      ],
      [1.0, 0.0, 2.0]
    ],
    [
      [
        ["24", 1],
        ["0", 2],
        ["7", 0]
      ],
      [0.0, 0.0, 0.0]
    ],
    [
      [
        ["1", 3]
      ],
      [0.0, 3.0, 0.0]
    ]
  ],
  "vars_range": {
    "0": [6.981, 28.11],
    "1": [9.71, 39.28],
    "14": [0.001713, 0.03113],
    "24": [0.07117, 0.2226],
    "25": [0.02729, 0.9327],
    "27": [0.0, 0.291],
    "5": [0.02344, 0.3454],
    "7": [0.0, 0.2012]
  },
  "version": 1
}
